,Model,F1-score,Accuracy,ROC-AUC,Hyper param
0,Decision Tree,0.544662,0.749200,0.820087,"{'min_samples_split': 2, 'min_samples_leaf': 8, 'max_features': 'log2', 'max_depth': 7, 'class_weight': 'balanced'}"
1,RandomForest,0.601504,0.809200,0.858197,"{'n_estimators': 900, 'min_samples_split': 5, 'min_samples_leaf': 2, 'max_features': 'sqrt', 'max_depth': 9, 'class_weight': 'balanced', 'bootstrap': False}"
2,XGBoost,0.594328,0.868400,0.865592,"XGBClassifier(base_score=None, booster='gbtree', callbacks=None,
              colsample_bylevel=None, colsample_bynode=None,
              colsample_bytree=0.7, device=None, early_stopping_rounds=None,
              enable_categorical=False, eval_metric='logloss',
              feature_types=None, feature_weights=None, gamma=2,
              grow_policy=None, importance_type=None,
              interaction_constraints=None, learning_rate=0.1, max_bin=None,
              max_cat_threshold=None, max_cat_to_onehot=None,
              max_delta_step=None, max_depth=7, max_leaves=None,
              min_child_weight=None, missing=nan, monotone_constraints=None,
              multi_strategy=None, n_estimators=300, n_jobs=None,
              num_parallel_tree=None, ...)"
3,LightGBM,0.579327,0.860000,0.848040,"LGBMClassifier(bagging_fraction=0.5, boosting type='gblinear',
               colsample_bytree=0.9, eval_metric='logloss',
               feature_fraction=0.5, max_depth=9, n_estimators=300,
               objective='binary', random_state=10, tree_method='approx',
               verbosity=-1)"
4,CatBoost,0.577723,0.862000,0.868038,<catboost.core.CatBoostClassifier object at 0x000001B9A1AA4DD0>
